{
    "__comment": "Created by Droobledore with BDcraft Cubik PRO 0.93 Beta. Used with permission in NathanWolf's Magic plugin.",
    "textures": {
        "particle": "item/custom/hat_wizard",
        "texture": "item/custom/hat_wizard"
    },
    "elements": [
        {
            "__comment": "Hat_wizard",
            "from": [ 0, 11, 7 ],
            "to": [ 10, 12, 9 ],
            "faces": {
                "down":  { "uv": [ 15.999, 8.999, 6.001, 7.001 ], "texture": "#texture" },
                "up":    { "uv": [ 0.0010000000474974513, 0.0010000000474974513, 9.9989995956420898, 0.99900001287460327 ], "texture": "#texture" },
                "north": { "uv": [ 6.000999927520752, 4.000999927520752, 15.99899959564209, 4.999000072479248 ], "texture": "#texture" },
                "south": { "uv": [ 0.0010000000474974513, 4.000999927520752, 9.9989995956420898, 4.999000072479248 ], "texture": "#texture" },
                "west":  { "uv": [ 7.000999927520752, 4.000999927520752, 8.9989995956420898, 4.999000072479248 ], "texture": "#texture", "cullface": "west" },
                "east":  { "uv": [ 7.000999927520752, 4.000999927520752, 8.9989995956420898, 4.999000072479248 ], "texture": "#texture" }
            }
        },
        {
            "__comment": "Hat_wizard",
            "from": [ 1, 10, 7 ],
            "to": [ 11, 11, 9 ],
            "faces": {
                "down":  { "uv": [ 14.999, 8.999, 5.001, 7.001 ], "texture": "#texture" },
                "up":    { "uv": [ 0.0010000000474974513, 0.0010000000474974513, 9.9989995956420898, 0.99900001287460327 ], "texture": "#texture" },
                "north": { "uv": [ 5.000999927520752, 5.000999927520752, 14.99899959564209, 5.999000072479248 ], "texture": "#texture" },
                "south": { "uv": [ 1.0010000467300415, 5.000999927520752, 10.99899959564209, 5.999000072479248 ], "texture": "#texture" },
                "west":  { "uv": [ 7.000999927520752, 5.000999927520752, 8.9989995956420898, 5.999000072479248 ], "texture": "#texture" },
                "east":  { "uv": [ 7.000999927520752, 5.000999927520752, 8.9989995956420898, 5.999000072479248 ], "texture": "#texture" }
            }
        },
        {
            "__comment": "Hat_wizard",
            "from": [ 2, 12, 7 ],
            "to": [ 7, 13, 9 ],
            "faces": {
                "up":    { "uv": [ 0.0010000000474974513, 0.0010000000474974513, 0.49900001287460327, 0.49900001287460327 ], "texture": "#texture" },
                "north": { "uv": [ 2.000999927520752, 3.000999927520752, 6.999000072479248, 3.999000072479248 ], "texture": "#texture" },
                "south": { "uv": [ 2.000999927520752, 3.000999927520752, 6.999000072479248, 3.999000072479248 ], "texture": "#texture" },
                "west":  { "uv": [ 7.000999927520752, 3.000999927520752, 8.9989995956420898, 3.999000072479248 ], "texture": "#texture" },
                "east":  { "uv": [ 7.000999927520752, 3.000999927520752, 8.9989995956420898, 3.999000072479248 ], "texture": "#texture" }
            }
        },
        {
            "__comment": "Hat_wizard",
            "from": [ 3, 3, 6 ],
            "to": [ 16, 4, 10 ],
            "faces": {
                "down":  { "uv": [ 12.999, 15.999, 0.001, 15.501 ], "texture": "#texture" },
                "up":    { "uv": [ 0.0010000000474974513, 0.0010000000474974513, 12.99899959564209, 0.99900001287460327 ], "texture": "#texture" },
                "north": { "uv": [ 0.0010000000474974513, 12.00100040435791, 12.99899959564209, 12.99899959564209 ], "texture": "#texture" },
                "south": { "uv": [ 3.000999927520752, 12.00100040435791, 15.99899959564209, 12.99899959564209 ], "texture": "#texture" },
                "west":  { "uv": [ 6.000999927520752, 12.00100040435791, 9.9989995956420898, 12.99899959564209 ], "texture": "#texture" }
            }
        },
        {
            "__comment": "Hat_wizard",
            "from": [ 3, 11, 6 ],
            "to": [ 9, 12, 7 ],
            "faces": {
                "down":  { "uv": [ 12.999, 6.999, 7.001, 6.001 ], "texture": "#texture" },
                "up":    { "uv": [ 0.0010000000474974513, 0.0010000000474974513, 5.999000072479248, 0.99900001287460327 ], "texture": "#texture" },
                "north": { "uv": [ 7.000999927520752, 4.000999927520752, 12.99899959564209, 4.999000072479248 ], "texture": "#texture" },
                "west":  { "uv": [ 6.000999927520752, 4.000999927520752, 6.999000072479248, 4.999000072479248 ], "texture": "#texture" },
                "east":  { "uv": [ 9.0010004043579102, 4.000999927520752, 9.9989995956420898, 4.999000072479248 ], "texture": "#texture" }
            }
        },
        {
            "__comment": "Hat_wizard",
            "from": [ 3, 11, 9 ],
            "to": [ 9, 12, 10 ],
            "faces": {
                "down":  { "uv": [ 12.999, 9.999, 7.001, 9.001 ], "texture": "#texture" },
                "up":    { "uv": [ 0.0010000000474974513, 0.0010000000474974513, 5.999000072479248, 0.99900001287460327 ], "texture": "#texture" },
                "south": { "uv": [ 3.000999927520752, 4.000999927520752, 8.9989995956420898, 4.999000072479248 ], "texture": "#texture" },
                "west":  { "uv": [ 9.0010004043579102, 4.000999927520752, 9.9989995956420898, 4.999000072479248 ], "texture": "#texture" },
                "east":  { "uv": [ 6.000999927520752, 4.000999927520752, 6.999000072479248, 4.999000072479248 ], "texture": "#texture" }
            }
        },
        {
            "__comment": "Hat_wizard",
            "from": [ 4, 3, 4 ],
            "to": [ 16, 4, 6 ],
            "faces": {
                "down":  { "uv": [ 11.999, 15.999, 0.001, 15.501 ], "texture": "#texture" },
                "up":    { "uv": [ 0.0010000000474974513, 0.0010000000474974513, 11.99899959564209, 0.99900001287460327 ], "texture": "#texture" },
                "north": { "uv": [ 0.0010000000474974513, 12.00100040435791, 11.99899959564209, 12.99899959564209 ], "texture": "#texture" },
                "west":  { "uv": [ 4.000999927520752, 12.00100040435791, 5.999000072479248, 12.99899959564209 ], "texture": "#texture" },
                "east":  { "uv": [ 10.00100040435791, 12.00100040435791, 11.99899959564209, 12.99899959564209 ], "texture": "#texture", "cullface": "east" }
            }
        },
        {
            "__comment": "Hat_wizard",
            "from": [ 4, 10, 6 ],
            "to": [ 11, 11, 7 ],
            "faces": {
                "down":  { "uv": [ 11.999, 6.999, 5.001, 6.001 ], "texture": "#texture" },
                "up":    { "uv": [ 0.0010000000474974513, 0.0010000000474974513, 6.999000072479248, 0.99900001287460327 ], "texture": "#texture" },
                "north": { "uv": [ 5.000999927520752, 5.000999927520752, 11.99899959564209, 5.999000072479248 ], "texture": "#texture" },
                "west":  { "uv": [ 6.000999927520752, 5.000999927520752, 6.999000072479248, 5.999000072479248 ], "texture": "#texture" },
                "east":  { "uv": [ 9.0010004043579102, 5.000999927520752, 9.9989995956420898, 5.999000072479248 ], "texture": "#texture" }
            }
        },
        {
            "__comment": "Hat_wizard",
            "from": [ 4, 9, 7 ],
            "to": [ 12, 10, 9 ],
            "faces": {
                "down":  { "uv": [ 11.999, 8.999, 4.001, 7.001 ], "texture": "#texture" },
                "up":    { "uv": [ 0.0010000000474974513, 0.0010000000474974513, 7.999000072479248, 0.99900001287460327 ], "texture": "#texture" },
                "north": { "uv": [ 4.000999927520752, 6.000999927520752, 11.99899959564209, 6.999000072479248 ], "texture": "#texture" },
                "south": { "uv": [ 4.000999927520752, 6.000999927520752, 11.99899959564209, 6.999000072479248 ], "texture": "#texture" },
                "west":  { "uv": [ 7.000999927520752, 6.000999927520752, 8.9989995956420898, 6.999000072479248 ], "texture": "#texture" },
                "east":  { "uv": [ 7.000999927520752, 6.000999927520752, 8.9989995956420898, 6.999000072479248 ], "texture": "#texture" }
            }
        },
        {
            "__comment": "Hat_wizard",
            "from": [ 4, 10, 9 ],
            "to": [ 11, 11, 10 ],
            "faces": {
                "down":  { "uv": [ 11.999, 9.999, 5.001, 9.001 ], "texture": "#texture" },
                "up":    { "uv": [ 0.0010000000474974513, 0.0010000000474974513, 6.999000072479248, 0.99900001287460327 ], "texture": "#texture" },
                "south": { "uv": [ 4.000999927520752, 5.000999927520752, 10.99899959564209, 5.999000072479248 ], "texture": "#texture" },
                "west":  { "uv": [ 9.0010004043579102, 5.000999927520752, 9.9989995956420898, 5.999000072479248 ], "texture": "#texture" },
                "east":  { "uv": [ 6.000999927520752, 5.000999927520752, 6.999000072479248, 5.999000072479248 ], "texture": "#texture" }
            }
        },
        {
            "__comment": "Hat_wizard",
            "from": [ 4, 3, 10 ],
            "to": [ 16, 4, 12 ],
            "faces": {
                "down":  { "uv": [ 11.999, 15.999, 0.001, 15.501 ], "texture": "#texture" },
                "up":    { "uv": [ 0.0010000000474974513, 0.0010000000474974513, 11.49899959564209, 0.99900001287460327 ], "texture": "#texture" },
                "south": { "uv": [ 4.000999927520752, 12.00100040435791, 15.99899959564209, 12.99899959564209 ], "texture": "#texture" },
                "west":  { "uv": [ 10.00100040435791, 12.00100040435791, 11.99899959564209, 12.99899959564209 ], "texture": "#texture" },
                "east":  { "uv": [ 4.000999927520752, 12.00100040435791, 5.999000072479248, 12.99899959564209 ], "texture": "#texture", "cullface": "east" }
            }
        },
        {
            "__comment": "Hat_wizard",
            "from": [ 5, 3, 3 ],
            "to": [ 15, 4, 4 ],
            "faces": {
                "down":  { "uv": [ 9.999, 15.999, 0.001, 15.501 ], "texture": "#texture" },
                "up":    { "uv": [ 0.0010000000474974513, 0.0010000000474974513, 9.9989995956420898, 0.99900001287460327 ], "texture": "#texture" },
                "north": { "uv": [ 1.0010000467300415, 12.00100040435791, 10.99899959564209, 12.99899959564209 ], "texture": "#texture" },
                "west":  { "uv": [ 3.000999927520752, 12.00100040435791, 3.999000072479248, 12.99899959564209 ], "texture": "#texture" },
                "east":  { "uv": [ 12.00100040435791, 12.00100040435791, 12.99899959564209, 12.99899959564209 ], "texture": "#texture" }
            }
        },
        {
            "__comment": "Hat_wizard",
            "from": [ 5, 9, 6 ],
            "to": [ 11, 10, 7 ],
            "faces": {
                "down":  { "uv": [ 10.999, 6.999, 5.001, 6.001 ], "texture": "#texture" },
                "north": { "uv": [ 5.000999927520752, 6.000999927520752, 10.99899959564209, 6.999000072479248 ], "texture": "#texture" },
                "west":  { "uv": [ 6.000999927520752, 6.000999927520752, 6.999000072479248, 6.999000072479248 ], "texture": "#texture" },
                "east":  { "uv": [ 9.0010004043579102, 6.000999927520752, 9.9989995956420898, 6.999000072479248 ], "texture": "#texture" }
            }
        },
        {
            "__comment": "Hat_wizard",
            "from": [ 5, 4, 7 ],
            "to": [ 14, 6, 9 ],
            "faces": {
                "up":    { "uv": [ 0.0010000000474974513, 0.0010000000474974513, 8.4989995956420898, 0.99900001287460327 ], "texture": "#texture" },
                "north": { "uv": [ 3.500999927520752, 13.00100040435791, 12.49899959564209, 14.99899959564209 ], "texture": "#texture" },
                "south": { "uv": [ 4.000999927520752, 13.00100040435791, 12.99899959564209, 14.99899959564209 ], "texture": "#texture" },
                "west":  { "uv": [ 7.000999927520752, 13.00100040435791, 8.9989995956420898, 14.99899959564209 ], "texture": "#texture" },
                "east":  { "uv": [ 7.000999927520752, 13.00100040435791, 8.9989995956420898, 14.99899959564209 ], "texture": "#texture" }
            }
        },
        {
            "__comment": "Hat_wizard",
            "from": [ 5, 8, 7 ],
            "to": [ 13, 9, 9 ],
            "faces": {
                "down":  { "uv": [ 10.999, 8.999, 3.001, 7.001 ], "texture": "#texture" },
                "up":    { "uv": [ 0.0010000000474974513, 0.0010000000474974513, 7.999000072479248, 0.99900001287460327 ], "texture": "#texture" },
                "north": { "uv": [ 3.000999927520752, 7.000999927520752, 10.99899959564209, 7.999000072479248 ], "texture": "#texture" },
                "south": { "uv": [ 5.000999927520752, 7.000999927520752, 12.99899959564209, 7.999000072479248 ], "texture": "#texture" },
                "west":  { "uv": [ 7.000999927520752, 7.000999927520752, 8.9989995956420898, 7.999000072479248 ], "texture": "#texture" },
                "east":  { "uv": [ 7.000999927520752, 7.000999927520752, 8.9989995956420898, 7.999000072479248 ], "texture": "#texture" }
            }
        },
        {
            "__comment": "Hat_wizard",
            "from": [ 5, 9, 9 ],
            "to": [ 11, 10, 10 ],
            "faces": {
                "down":  { "uv": [ 10.999, 9.999, 5.001, 9.001 ], "texture": "#texture" },
                "south": { "uv": [ 5.000999927520752, 6.000999927520752, 10.99899959564209, 6.999000072479248 ], "texture": "#texture" },
                "west":  { "uv": [ 9.0010004043579102, 6.000999927520752, 9.9989995956420898, 6.999000072479248 ], "texture": "#texture" },
                "east":  { "uv": [ 6.000999927520752, 6.000999927520752, 6.999000072479248, 6.999000072479248 ], "texture": "#texture" }
            }
        },
        {
            "__comment": "Hat_wizard",
            "from": [ 5, 3, 12 ],
            "to": [ 15, 4, 13 ],
            "faces": {
                "down":  { "uv": [ 9.499, 15.999, 0.001, 15.501 ], "texture": "#texture" },
                "up":    { "uv": [ 0.0010000000474974513, 0.0010000000474974513, 9.9989995956420898, 0.99900001287460327 ], "texture": "#texture" },
                "south": { "uv": [ 5.000999927520752, 12.00100040435791, 14.99899959564209, 12.99899959564209 ], "texture": "#texture" },
                "west":  { "uv": [ 12.00100040435791, 12.00100040435791, 12.99899959564209, 12.99899959564209 ], "texture": "#texture" },
                "east":  { "uv": [ 3.000999927520752, 12.00100040435791, 3.999000072479248, 12.99899959564209 ], "texture": "#texture" }
            }
        },
        {
            "__comment": "Hat_wizard",
            "from": [ 6, 3, 2 ],
            "to": [ 14, 4, 3 ],
            "faces": {
                "down":  { "uv": [ 7.999, 15.999, 0.001, 15.501 ], "texture": "#texture" },
                "up":    { "uv": [ 0.0010000000474974513, 0.0010000000474974513, 7.999000072479248, 0.99900001287460327 ], "texture": "#texture" },
                "north": { "uv": [ 2.000999927520752, 12.00100040435791, 9.9989995956420898, 12.99899959564209 ], "texture": "#texture" },
                "west":  { "uv": [ 2.000999927520752, 12.00100040435791, 2.999000072479248, 12.99899959564209 ], "texture": "#texture" },
                "east":  { "uv": [ 13.00100040435791, 12.00100040435791, 13.99899959564209, 12.99899959564209 ], "texture": "#texture" }
            }
        },
        {
            "__comment": "Hat_wizard",
            "from": [ 6, 4, 5 ],
            "to": [ 14, 6, 7 ],
            "faces": {
                "down":  { "uv": [ 9.999, 6.999, 2.001, 5.001 ], "texture": "#texture" },
                "up":    { "uv": [ 0.0010000000474974513, 0.0010000000474974513, 7.999000072479248, 0.99900001287460327 ], "texture": "#texture" },
                "north": { "uv": [ 2.000999927520752, 13.00100040435791, 9.9989995956420898, 14.99899959564209 ], "texture": "#texture" },
                "west":  { "uv": [ 5.500999927520752, 13.00100040435791, 7.499000072479248, 14.99899959564209 ], "texture": "#texture" },
                "east":  { "uv": [ 8.5010004043579102, 13.00100040435791, 10.49899959564209, 14.99899959564209 ], "texture": "#texture" }
            }
        },
        {
            "__comment": "Hat_wizard",
            "from": [ 6, 7, 6 ],
            "to": [ 13, 8, 10 ],
            "faces": {
                "down":  { "uv": [ 9.999, 9.999, 3.001, 6.001 ], "texture": "#texture" },
                "up":    { "uv": [ 0.0010000000474974513, 0.0010000000474974513, 6.999000072479248, 0.99900001287460327 ], "texture": "#texture" },
                "north": { "uv": [ 3.000999927520752, 8.0010004043579102, 9.9989995956420898, 8.9989995956420898 ], "texture": "#texture" },
                "south": { "uv": [ 6.000999927520752, 8.0010004043579102, 12.99899959564209, 8.9989995956420898 ], "texture": "#texture" },
                "west":  { "uv": [ 6.000999927520752, 8.0010004043579102, 9.9989995956420898, 8.9989995956420898 ], "texture": "#texture" },
                "east":  { "uv": [ 6.000999927520752, 8.0010004043579102, 9.9989995956420898, 8.9989995956420898 ], "texture": "#texture" }
            }
        },
        {
            "__comment": "Hat_wizard",
            "from": [ 6, 8, 6 ],
            "to": [ 12, 9, 7 ],
            "faces": {
                "up":    { "uv": [ 0.0010000000474974513, 0.0010000000474974513, 5.999000072479248, 0.99900001287460327 ], "texture": "#texture" },
                "north": { "uv": [ 4.000999927520752, 7.000999927520752, 9.9989995956420898, 7.999000072479248 ], "texture": "#texture" },
                "west":  { "uv": [ 6.000999927520752, 7.000999927520752, 6.999000072479248, 7.999000072479248 ], "texture": "#texture" },
                "east":  { "uv": [ 9.0010004043579102, 7.000999927520752, 9.9989995956420898, 7.999000072479248 ], "texture": "#texture" }
            }
        },
        {
            "__comment": "Hat_wizard",
            "from": [ 6, 6, 7 ],
            "to": [ 13, 7, 9 ],
            "faces": {
                "north": { "uv": [ 3.000999927520752, 9.0010004043579102, 9.9989995956420898, 9.9989995956420898 ], "texture": "#texture" },
                "south": { "uv": [ 6.000999927520752, 9.0010004043579102, 12.99899959564209, 9.9989995956420898 ], "texture": "#texture" },
                "west":  { "uv": [ 7.000999927520752, 9.0010004043579102, 8.9989995956420898, 9.9989995956420898 ], "texture": "#texture" },
                "east":  { "uv": [ 7.000999927520752, 9.0010004043579102, 8.9989995956420898, 9.9989995956420898 ], "texture": "#texture" }
            }
        },
        {
            "__comment": "Hat_wizard",
            "from": [ 6, 4, 9 ],
            "to": [ 14, 6, 11 ],
            "faces": {
                "down":  { "uv": [ 9.999, 10.999, 2.001, 9.001 ], "texture": "#texture" },
                "up":    { "uv": [ 0.0010000000474974513, 0.0010000000474974513, 7.499000072479248, 0.99900001287460327 ], "texture": "#texture" },
                "south": { "uv": [ 5.000999927520752, 13.00100040435791, 12.99899959564209, 14.99899959564209 ], "texture": "#texture" },
                "west":  { "uv": [ 8.0010004043579102, 13.00100040435791, 9.9989995956420898, 14.99899959564209 ], "texture": "#texture" },
                "east":  { "uv": [ 5.000999927520752, 13.00100040435791, 6.999000072479248, 14.99899959564209 ], "texture": "#texture" }
            }
        },
        {
            "__comment": "Hat_wizard",
            "from": [ 6, 8, 9 ],
            "to": [ 12, 9, 10 ],
            "faces": {
                "up":    { "uv": [ 0.0010000000474974513, 0.0010000000474974513, 5.999000072479248, 0.99900001287460327 ], "texture": "#texture" },
                "south": { "uv": [ 6.000999927520752, 7.000999927520752, 11.99899959564209, 7.999000072479248 ], "texture": "#texture" },
                "west":  { "uv": [ 9.0010004043579102, 7.000999927520752, 9.9989995956420898, 7.999000072479248 ], "texture": "#texture" },
                "east":  { "uv": [ 6.000999927520752, 7.000999927520752, 6.999000072479248, 7.999000072479248 ], "texture": "#texture" }
            }
        },
        {
            "__comment": "Hat_wizard",
            "from": [ 6, 3, 13 ],
            "to": [ 14, 4, 14 ],
            "faces": {
                "down":  { "uv": [ 9.499, 15.501, 1.501, 15.999 ], "texture": "#texture" },
                "up":    { "uv": [ 0.0010000000474974513, 0.0010000000474974513, 7.999000072479248, 0.99900001287460327 ], "texture": "#texture" },
                "south": { "uv": [ 6.000999927520752, 12.00100040435791, 13.99899959564209, 12.99899959564209 ], "texture": "#texture" },
                "west":  { "uv": [ 13.00100040435791, 12.00100040435791, 13.99899959564209, 12.99899959564209 ], "texture": "#texture" },
                "east":  { "uv": [ 2.000999927520752, 12.00100040435791, 2.999000072479248, 12.99899959564209 ], "texture": "#texture" }
            }
        },
        {
            "__comment": "Hat_wizard",
            "from": [ 7, 4, 4 ],
            "to": [ 13, 6, 5 ],
            "faces": {
                "up":    { "uv": [ 0.0010000000474974513, 0.0010000000474974513, 5.999000072479248, 0.99900001287460327 ], "texture": "#texture" },
                "north": { "uv": [ 3.000999927520752, 13.00100040435791, 8.9989995956420898, 14.99899959564209 ], "texture": "#texture" },
                "west":  { "uv": [ 4.000999927520752, 13.00100040435791, 4.999000072479248, 14.99899959564209 ], "texture": "#texture" },
                "east":  { "uv": [ 9.5010004043579102, 13.00100040435791, 10.49899959564209, 14.99899959564209 ], "texture": "#texture" }
            }
        },
        {
            "__comment": "DroobledoreLLC",
            "from": [ 7, 6, 5 ],
            "to": [ 12, 7, 7 ],
            "faces": {
                "up":    { "uv": [ 7.000999927520752, 5.000999927520752, 11.99899959564209, 6.999000072479248 ], "texture": "#texture" },
                "north": { "uv": [ 4.000999927520752, 9.0010004043579102, 8.9989995956420898, 9.9989995956420898 ], "texture": "#texture" },
                "west":  { "uv": [ 5.000999927520752, 9.0010004043579102, 6.999000072479248, 9.9989995956420898 ], "texture": "#texture" },
                "east":  { "uv": [ 9.0010004043579102, 9.0010004043579102, 10.99899959564209, 9.9989995956420898 ], "texture": "#texture" }
            }
        },
        {
            "__comment": "Hat_wizard",
            "from": [ 7, 7, 5 ],
            "to": [ 8, 11, 6 ],
            "faces": {
                "up":    { "uv": [ 0.0010000000474974513, 0.0010000000474974513, 0.99900001287460327, 0.99900001287460327 ], "texture": "#texture" },
                "north": { "uv": [ 8.0010004043579102, 5.000999927520752, 8.9989995956420898, 8.9989995956420898 ], "texture": "#texture" },
                "south": { "uv": [ 7.000999927520752, 5.000999927520752, 7.999000072479248, 8.9989995956420898 ], "texture": "#texture" },
                "west":  { "uv": [ 5.000999927520752, 5.000999927520752, 5.999000072479248, 8.9989995956420898 ], "texture": "#texture" },
                "east":  { "uv": [ 10.00100040435791, 5.000999927520752, 10.99899959564209, 8.9989995956420898 ], "texture": "#texture" }
            }
        },
        {
            "__comment": "Hat_wizard",
            "from": [ 7, 6, 9 ],
            "to": [ 12, 7, 11 ],
            "faces": {
                "up":    { "uv": [ 7.000999927520752, 9.0010004043579102, 11.99899959564209, 10.99899959564209 ], "texture": "#texture" },
                "south": { "uv": [ 7.000999927520752, 9.0010004043579102, 11.99899959564209, 9.9989995956420898 ], "texture": "#texture" },
                "west":  { "uv": [ 9.0010004043579102, 9.0010004043579102, 10.99899959564209, 9.9989995956420898 ], "texture": "#texture" },
                "east":  { "uv": [ 5.000999927520752, 9.0010004043579102, 6.999000072479248, 9.9989995956420898 ], "texture": "#texture" }
            }
        },
        {
            "__comment": "Hat_wizard",
            "from": [ 7, 7, 10 ],
            "to": [ 8, 11, 11 ],
            "faces": {
                "up":    { "uv": [ 0.0010000000474974513, 0.0010000000474974513, 0.99900001287460327, 0.99900001287460327 ], "texture": "#texture" },
                "north": { "uv": [ 8.0010004043579102, 5.000999927520752, 8.9989995956420898, 8.9989995956420898 ], "texture": "#texture" },
                "south": { "uv": [ 7.000999927520752, 5.000999927520752, 7.999000072479248, 8.9989995956420898 ], "texture": "#texture" },
                "west":  { "uv": [ 10.00100040435791, 5.000999927520752, 10.99899959564209, 8.9989995956420898 ], "texture": "#texture" },
                "east":  { "uv": [ 5.000999927520752, 5.000999927520752, 5.999000072479248, 8.9989995956420898 ], "texture": "#texture" }
            }
        },
        {
            "__comment": "Hat_wizard",
            "from": [ 7, 4, 11 ],
            "to": [ 13, 6, 12 ],
            "faces": {
                "up":    { "uv": [ 0.0010000000474974513, 0.0010000000474974513, 5.999000072479248, 0.99900001287460327 ], "texture": "#texture" },
                "south": { "uv": [ 6.500999927520752, 13.00100040435791, 12.49899959564209, 14.99899959564209 ], "texture": "#texture" },
                "west":  { "uv": [ 9.0010004043579102, 13.00100040435791, 9.9989995956420898, 14.99899959564209 ], "texture": "#texture" },
                "east":  { "uv": [ 4.500999927520752, 13.00100040435791, 5.499000072479248, 14.99899959564209 ], "texture": "#texture" }
            }
        },
        {
            "__comment": "Hat_wizard",
            "from": [ 8, 7, 5 ],
            "to": [ 10, 10, 6 ],
            "faces": {
                "up":    { "uv": [ 0.0010000000474974513, 0.0010000000474974513, 1.999000072479248, 0.99900001287460327 ], "texture": "#texture" },
                "north": { "uv": [ 6.000999927520752, 6.000999927520752, 7.999000072479248, 8.9989995956420898 ], "texture": "#texture" },
                "south": { "uv": [ 8.0010004043579102, 6.000999927520752, 9.9989995956420898, 8.9989995956420898 ], "texture": "#texture" },
                "east":  { "uv": [ 10.00100040435791, 6.000999927520752, 10.99899959564209, 8.9989995956420898 ], "texture": "#texture" }
            }
        },
        {
            "__comment": "Hat_wizard",
            "from": [ 8, 7, 10 ],
            "to": [ 10, 10, 11 ],
            "faces": {
                "up":    { "uv": [ 0.0010000000474974513, 0.0010000000474974513, 1.999000072479248, 0.99900001287460327 ], "texture": "#texture" },
                "north": { "uv": [ 6.000999927520752, 6.000999927520752, 7.999000072479248, 8.9989995956420898 ], "texture": "#texture" },
                "south": { "uv": [ 8.0010004043579102, 6.000999927520752, 9.9989995956420898, 8.9989995956420898 ], "texture": "#texture" },
                "east":  { "uv": [ 5.000999927520752, 6.000999927520752, 5.999000072479248, 8.9989995956420898 ], "texture": "#texture" }
            }
        },
        {
            "__comment": "Hat_wizard",
            "from": [ 9, 3, 1 ],
            "to": [ 11, 4, 2 ],
            "faces": {
                "down":  { "uv": [ 3.999, 15.999, 2.001, 15.501 ], "texture": "#texture" },
                "up":    { "uv": [ 0.0010000000474974513, 0.0010000000474974513, 1.999000072479248, 0.99900001287460327 ], "texture": "#texture" },
                "north": { "uv": [ 5.000999927520752, 12.00100040435791, 6.999000072479248, 12.99899959564209 ], "texture": "#texture" },
                "west":  { "uv": [ 1.0010000467300415, 12.00100040435791, 1.999000072479248, 12.99899959564209 ], "texture": "#texture" },
                "east":  { "uv": [ 14.00100040435791, 12.00100040435791, 14.99899959564209, 12.99899959564209 ], "texture": "#texture" }
            }
        },
        {
            "__comment": "Hat_wizard",
            "from": [ 9, 4, 3 ],
            "to": [ 10, 5, 4 ],
            "faces": {
                "up":    { "uv": [ 8.0010004043579102, 14.00100040435791, 8.9989995956420898, 14.99899959564209 ], "texture": "#texture" },
                "north": { "uv": [ 5.000999927520752, 14.00100040435791, 5.999000072479248, 14.99899959564209 ], "texture": "#texture" },
                "west":  { "uv": [ 3.500999927520752, 14.00100040435791, 4.499000072479248, 14.99899959564209 ], "texture": "#texture" },
                "east":  { "uv": [ 5.500999927520752, 14.00100040435791, 6.499000072479248, 14.99899959564209 ], "texture": "#texture" }
            }
        },
        {
            "__comment": "Hat_wizard",
            "from": [ 9, 6, 4 ],
            "to": [ 10, 7, 5 ],
            "faces": {
                "up":    { "uv": [ 0.0010000000474974513, 0.0010000000474974513, 0.99900001287460327, 0.99900001287460327 ], "texture": "#texture" },
                "north": { "uv": [ 6.000999927520752, 9.0010004043579102, 6.999000072479248, 9.9989995956420898 ], "texture": "#texture" },
                "west":  { "uv": [ 4.000999927520752, 9.0010004043579102, 4.999000072479248, 9.9989995956420898 ], "texture": "#texture" },
                "east":  { "uv": [ 11.00100040435791, 9.0010004043579102, 11.99899959564209, 9.9989995956420898 ], "texture": "#texture" }
            }
        },
        {
            "__comment": "Hat_wizard",
            "from": [ 9, 6, 11 ],
            "to": [ 10, 7, 12 ],
            "faces": {
                "up":    { "uv": [ 0.0010000000474974513, 0.0010000000474974513, 0.99900001287460327, 0.99900001287460327 ], "texture": "#texture" },
                "south": { "uv": [ 9.0010004043579102, 9.0010004043579102, 9.9989995956420898, 9.9989995956420898 ], "texture": "#texture" },
                "west":  { "uv": [ 11.00100040435791, 9.0010004043579102, 11.99899959564209, 9.9989995956420898 ], "texture": "#texture" },
                "east":  { "uv": [ 4.000999927520752, 9.0010004043579102, 4.999000072479248, 9.9989995956420898 ], "texture": "#texture" }
            }
        },
        {
            "__comment": "Hat_wizard",
            "from": [ 9, 4, 12 ],
            "to": [ 10, 5, 13 ],
            "faces": {
                "up":    { "uv": [ 8.0010004043579102, 14.00100040435791, 8.9989995956420898, 14.99899959564209 ], "texture": "#texture" },
                "south": { "uv": [ 8.5010004043579102, 14.00100040435791, 9.4989995956420898, 14.99899959564209 ], "texture": "#texture" },
                "west":  { "uv": [ 10.00100040435791, 14.00100040435791, 10.99899959564209, 14.99899959564209 ], "texture": "#texture" },
                "east":  { "uv": [ 3.000999927520752, 14.00100040435791, 3.999000072479248, 14.99899959564209 ], "texture": "#texture" }
            }
        },
        {
            "__comment": "Hat_wizard",
            "from": [ 9, 3, 14 ],
            "to": [ 11, 4, 15 ],
            "faces": {
                "down":  { "uv": [ 6.999, 15.999, 5.501, 15.501 ], "texture": "#texture" },
                "up":    { "uv": [ 0.0010000000474974513, 0.0010000000474974513, 1.999000072479248, 0.99900001287460327 ], "texture": "#texture" },
                "south": { "uv": [ 9.0010004043579102, 12.00100040435791, 10.99899959564209, 12.99899959564209 ], "texture": "#texture" },
                "west":  { "uv": [ 14.00100040435791, 12.00100040435791, 14.99899959564209, 12.99899959564209 ], "texture": "#texture" },
                "east":  { "uv": [ 1.0010000467300415, 12.00100040435791, 1.999000072479248, 12.99899959564209 ], "texture": "#texture" }
            }
        },
        {
            "__comment": "Hat_wizard",
            "from": [ 10, 7, 5 ],
            "to": [ 11, 9, 6 ],
            "faces": {
                "up":    { "uv": [ 0.0010000000474974513, 0.0010000000474974513, 0.99900001287460327, 0.99900001287460327 ], "texture": "#texture" },
                "north": { "uv": [ 5.000999927520752, 7.000999927520752, 5.999000072479248, 8.9989995956420898 ], "texture": "#texture" },
                "south": { "uv": [ 10.00100040435791, 7.000999927520752, 10.99899959564209, 8.9989995956420898 ], "texture": "#texture" },
                "east":  { "uv": [ 10.00100040435791, 7.000999927520752, 10.99899959564209, 8.9989995956420898 ], "texture": "#texture" }
            }
        },
        {
            "__comment": "Hat_wizard",
            "from": [ 10, 7, 10 ],
            "to": [ 11, 9, 11 ],
            "faces": {
                "up":    { "uv": [ 0.0010000000474974513, 0.0010000000474974513, 0.99900001287460327, 0.99900001287460327 ], "texture": "#texture" },
                "north": { "uv": [ 5.000999927520752, 7.000999927520752, 5.999000072479248, 8.9989995956420898 ], "texture": "#texture" },
                "south": { "uv": [ 10.00100040435791, 7.000999927520752, 10.99899959564209, 8.9989995956420898 ], "texture": "#texture" },
                "east":  { "uv": [ 5.000999927520752, 7.000999927520752, 5.999000072479248, 8.9989995956420898 ], "texture": "#texture" }
            }
        },
        {
            "__comment": "Hat_wizard",
            "from": [ 11, 7, 5 ],
            "to": [ 12, 8, 6 ],
            "faces": {
                "up":    { "uv": [ 0.0010000000474974513, 0.0010000000474974513, 0.99900001287460327, 0.99900001287460327 ], "texture": "#texture" },
                "north": { "uv": [ 4.000999927520752, 8.0010004043579102, 4.999000072479248, 8.9989995956420898 ], "texture": "#texture" },
                "east":  { "uv": [ 10.00100040435791, 8.0010004043579102, 10.99899959564209, 8.9989995956420898 ], "texture": "#texture" }
            }
        },
        {
            "__comment": "Hat_wizard",
            "from": [ 11, 7, 10 ],
            "to": [ 12, 8, 11 ],
            "faces": {
                "up":    { "uv": [ 0.0010000000474974513, 0.0010000000474974513, 0.99900001287460327, 0.99900001287460327 ], "texture": "#texture" },
                "south": { "uv": [ 11.00100040435791, 8.0010004043579102, 11.99899959564209, 8.9989995956420898 ], "texture": "#texture" },
                "east":  { "uv": [ 5.000999927520752, 8.0010004043579102, 5.999000072479248, 8.9989995956420898 ], "texture": "#texture" }
            }
        },
        {
            "__comment": "RHJvb2JsZWRvcmVMTEM=",
            "from": [ 12, 6, 6 ],
            "to": [ 13, 7, 7 ],
            "faces": {
                "north": { "uv": [ 3.000999927520752, 9.0010004043579102, 3.999000072479248, 9.9989995956420898 ], "texture": "#texture" },
                "east":  { "uv": [ 9.0010004043579102, 9.0010004043579102, 9.9989995956420898, 9.9989995956420898 ], "texture": "#texture" }
            }
        },
        {
            "__comment": "Hat_wizard",
            "from": [ 12, 6, 9 ],
            "to": [ 13, 7, 10 ],
            "faces": {
                "south": { "uv": [ 12.00100040435791, 9.0010004043579102, 12.99899959564209, 9.9989995956420898 ], "texture": "#texture" },
                "east":  { "uv": [ 6.000999927520752, 9.0010004043579102, 6.999000072479248, 9.9989995956420898 ], "texture": "#texture" }
            }
        },
        {
            "__comment": "Hat_wizard*",
            "from": [ -1, 10.5, 7.5 ],
            "to": [ 1, 11.5, 8.5 ],
            "faces": {
                "down":  { "uv": [ 15.999, 8.499, 15.001, 7.501 ], "texture": "#texture", "cullface": "west" },
                "up":    { "uv": [ 0.0010000000474974513, 0.0010000000474974513, 0.99900001287460327, 0.99900001287460327 ], "texture": "#texture", "cullface": "west" },
                "north": { "uv": [ 15.00100040435791, 4.500999927520752, 15.99899959564209, 5.499000072479248 ], "texture": "#texture", "cullface": "west" },
                "south": { "uv": [ 0.0010000000474974513, 4.500999927520752, 0.99900001287460327, 5.499000072479248 ], "texture": "#texture", "cullface": "west" },
                "west":  { "uv": [ 7.500999927520752, 4.500999927520752, 8.4989995956420898, 5.499000072479248 ], "texture": "#texture", "cullface": "west" },
                "east":  { "uv": [ 7.500999927520752, 4.500999927520752, 8.4989995956420898, 5.499000072479248 ], "texture": "#texture", "cullface": "west" }
            }
        },
        {
            "__comment": "Hat_wizard*",
            "from": [ 16, 3, 6 ],
            "to": [ 17, 4, 10 ],
            "faces": {
                "down":  { "uv": [ 8.499, 15.999, 8.001, 15.501 ], "texture": "#texture" },
                "up":    { "uv": [ 0.99900001287460327, 0.0010000000474974513, 0.0010000000474974513, 0.99900001287460327 ], "texture": "#texture" },
                "north": { "uv": [ 9.5010004043579102, 12.00100040435791, 9.9989995956420898, 12.99899959564209 ], "texture": "#texture" },
                "south": { "uv": [ 9.9989995956420898, 12.00100040435791, 9.5010004043579102, 12.99899959564209 ], "texture": "#texture" },
                "east":  { "uv": [ 9.4989995956420898, 12.00100040435791, 9.0010004043579102, 12.99899959564209 ], "texture": "#texture", "cullface": "east" }
            }
        },
        {
            "__comment": "Hat_wizard*",
            "from": [ 14, 4, 7 ],
            "to": [ 15, 6, 9 ],
            "faces": {
                "up":    { "uv": [ 0.0010000000474974513, 0.0010000000474974513, 8.9989995956420898, 0.99900001287460327 ], "texture": "#texture" },
                "north": { "uv": [ 3.500999927520752, 13.00100040435791, 12.49899959564209, 14.99899959564209 ], "texture": "#texture" },
                "south": { "uv": [ 4.000999927520752, 13.00100040435791, 12.99899959564209, 14.99899959564209 ], "texture": "#texture" },
                "west":  { "uv": [ 7.000999927520752, 13.00100040435791, 8.9989995956420898, 14.99899959564209 ], "texture": "#texture" },
                "east":  { "uv": [ 7.000999927520752, 13.00100040435791, 8.9989995956420898, 14.99899959564209 ], "texture": "#texture" }
            }
        },
        {
            "__comment": "Hat_wizard*",
            "from": [ 13, 6, 7 ],
            "to": [ 14, 8, 9 ],
            "faces": {
                "up":    { "uv": [ 0.0010000000474974513, 0.0010000000474974513, 0.99900001287460327, 0.99900001287460327 ], "texture": "#texture" },
                "north": { "uv": [ 13.00100040435791, 8.0010004043579102, 13.99899959564209, 9.9989995956420898 ], "texture": "#texture" },
                "south": { "uv": [ 13.00100040435791, 8.0010004043579102, 13.99899959564209, 9.9989995956420898 ], "texture": "#texture" },
                "west":  { "uv": [ 7.000999927520752, 8.0010004043579102, 8.9989995956420898, 9.9989995956420898 ], "texture": "#texture" },
                "east":  { "uv": [ 7.000999927520752, 8.0010004043579102, 8.9989995956420898, 9.9989995956420898 ], "texture": "#texture" }
            }
        }
    ],
    "display": {
        "thirdperson_righthand": {
            "rotation": [ 0, 90, 0 ],
            "translation": [ 0, 0, 0 ],
            "scale": [ 0.5, 0.5, 0.5 ]
        },
        "thirdperson_lefthand": {
            "rotation": [ 0, -90, 0 ],
            "translation": [ 0, 0, 0 ],
            "scale": [ 0.5, 0.5, 0.5 ]
        },
        "head": {
            "rotation": [ 0, 90, 0 ],
            "translation": [ 0, 14.55, 3.78 ],
            "scale": [ 2, 2, 2 ]
        },
        "ground": {
            "rotation": [ 0, 0, 0 ],
            "translation": [ 0, 1.5, 0 ],
            "scale": [ 0.5, 0.5, 0.5 ]
        },
        "fixed": {
            "rotation": [ 0, 0, 0 ],
            "translation": [ 0, 0, 0 ],
            "scale": [ 1, 1, 1 ]
        },
        "firstperson_righthand": {
            "rotation": [ -27, -116, 0 ],
            "translation": [ 0.38, 1.13, 0 ],
            "scale": [ 0.5, 0.5, 0.5 ]
        },
        "firstperson_lefthand": {
            "rotation": [ -27, 48, 0 ],
            "translation": [ 0.38, 1.13, 0 ],
            "scale": [ 0.5, 0.5, 0.5 ]
        },
        "gui": {
            "rotation": [ 11, -129, 0 ],
            "translation": [ 0.76, 0, 0 ],
            "scale": [ 0.9, 0.9, 0.9 ]
        }
    }
}