{
  "__comment": "Max diamond durability is 1562",
  "parent": "item/handheld",
  "textures": {
    "layer0": "item/diamond_hoe"
  },
  "overrides": [
    {"predicate": {"damaged": 0, "damage": 0.000640204865557}, "model": "item/custom/air_rune" },
    {"predicate": {"damaged": 0, "damage": 0.00128040973111}, "model": "item/custom/water_rune" },
    {"predicate": {"damaged": 0, "damage": 0.00192061459667}, "model": "item/custom/earth_rune" },
    {"predicate": {"damaged": 0, "damage": 0.00256081946223}, "model": "item/custom/fire_Rune" },
    {"predicate": {"damaged": 0, "damage": 0.00320102432778}, "model": "item/custom/lava_rune" },
    {"predicate": {"damaged": 0, "damage": 0.00384122919334}, "model": "item/custom/mind_rune" },
    {"predicate": {"damaged": 0, "damage": 0.0044814340589}, "model": "item/custom/body_rune" },
    {"predicate": {"damaged": 0, "damage": 0.00512163892446}, "model": "item/custom/chaos_rune" },
    {"predicate": {"damaged": 0, "damage": 0.00576184379001}, "model": "item/custom/cosmic_rune" },
    {"predicate": {"damaged": 0, "damage": 0.00640204865557}, "model": "item/custom/blood_rune" },
    {"predicate": {"damaged": 0, "damage": 0.00704225352113}, "model": "item/custom/death_rune" },
    {"predicate": {"damaged": 0, "damage": 0.00768245838668}, "model": "item/custom/astral_rune" },
    {"predicate": {"damaged": 0, "damage": 0.00832266325224}, "model": "item/custom/law_rune" },
    {"predicate": {"damaged": 0, "damage": 0.0089628681178}, "model": "item/custom/nature_rune" },
    {"predicate": {"damaged": 0, "damage": 0.00960307298335}, "model": "item/custom/soul_rune" },
    {"predicate": {"damaged": 0, "damage": 0.0102432778489}, "model": "item/custom/mist_rune" },
    {"predicate": {"damaged": 0, "damage": 0.0108834827145}, "model": "item/custom/mud_rune" },
    {"predicate": {"damaged": 0, "damage": 0.01152368758}, "model": "item/custom/smoke_rune" },
    {"predicate": {"damaged": 0, "damage": 0.0121638924456}, "model": "item/custom/steam_rune" },
    {"predicate": {"damaged": 0, "damage": 0.0128040973111}, "model": "item/custom/wrath_rune" },
    
    {"predicate": {"damaged": 0, "damage": 0.0134443021767}, "model": "item/spells_disabled/life3"},
    {"predicate": {"damaged": 0, "damage": 0.0140845070423}, "model": "item/spells_disabled/shell"},
    {"predicate": {"damaged": 0, "damage": 0.0147247119078}, "model": "item/spells_disabled/reflect"},
    {"predicate": {"damaged": 0, "damage": 0.0153649167734}, "model": "item/spells_disabled/platform"},
    {"predicate": {"damaged": 0, "damage": 0.0160051216389}, "model": "item/spells_disabled/superdisc"},
    {"predicate": {"damaged": 0, "damage": 0.0166453265045}, "model": "item/spells_disabled/superring"},
    {"predicate": {"damaged": 0, "damage": 0.01728553137}, "model": "item/spells_disabled/supershell"},
    {"predicate": {"damaged": 0, "damage": 0.0179257362356}, "model": "item/spells_disabled/superdome"},
    {"predicate": {"damaged": 0, "damage": 0.0185659411012}, "model": "item/spells_disabled/tag"},
    {"predicate": {"damaged": 0, "damage": 0.0192061459667}, "model": "item/spells_disabled/toss"},
    {"predicate": {"damaged": 0, "damage": 0.0198463508323}, "model": "item/spells_disabled/volley"},
    {"predicate": {"damaged": 0, "damage": 0.0204865556978}, "model": "item/spells_disabled/push"},
    {"predicate": {"damaged": 0, "damage": 0.0211267605634}, "model": "item/spells_disabled/pull"},
    {"predicate": {"damaged": 0, "damage": 0.0217669654289}, "model": "item/spells_disabled/grab"},
    {"predicate": {"damaged": 0, "damage": 0.0224071702945}, "model": "item/spells_disabled/boom"},
    {"predicate": {"damaged": 0, "damage": 0.0230473751601}, "model": "item/spells_disabled/nuke"},
    {"predicate": {"damaged": 0, "damage": 0.0236875800256}, "model": "item/spells_disabled/frost"},
    {"predicate": {"damaged": 0, "damage": 0.0243277848912}, "model": "item/spells_disabled/permafrost"},
    {"predicate": {"damaged": 0, "damage": 0.0249679897567}, "model": "item/spells_disabled/lightning"},
    {"predicate": {"damaged": 0, "damage": 0.0256081946223}, "model": "item/spells_disabled/smite"},
    {"predicate": {"damaged": 0, "damage": 0.0262483994878}, "model": "item/spells_disabled/tree"},
    {"predicate": {"damaged": 0, "damage": 0.0268886043534}, "model": "item/spells_disabled/forest"},
    {"predicate": {"damaged": 0, "damage": 0.027528809219}, "model": "item/spells_disabled/disarm"},
    {"predicate": {"damaged": 0, "damage": 0.0281690140845}, "model": "item/spells_disabled/cure"},
    {"predicate": {"damaged": 0, "damage": 0.0288092189501}, "model": "item/spells_disabled/heal"},
    {"predicate": {"damaged": 0, "damage": 0.0294494238156}, "model": "item/spells_disabled/healing"},
    {"predicate": {"damaged": 0, "damage": 0.0300896286812}, "model": "item/spells_disabled/music"},
    {"predicate": {"damaged": 0, "damage": 0.0307298335467}, "model": "item/spells_disabled/gather"},
    {"predicate": {"damaged": 0, "damage": 0.0313700384123}, "model": "item/spells_disabled/mount"},
    {"predicate": {"damaged": 0, "damage": 0.0320102432778}, "model": "item/spells_disabled/tame"},
    {"predicate": {"damaged": 0, "damage": 0.0326504481434}, "model": "item/spells_disabled/icbm"},
    {"predicate": {"damaged": 0, "damage": 0.033290653009}, "model": "item/spells_disabled/neutron"},
    {"predicate": {"damaged": 0, "damage": 0.0339308578745}, "model": "item/spells_disabled/wither"},
    {"predicate": {"damaged": 0, "damage": 0.0345710627401}, "model": "item/spells_disabled/arrowrain"},
    {"predicate": {"damaged": 0, "damage": 0.0352112676056}, "model": "item/spells_disabled/gatling"},
    {"predicate": {"damaged": 0, "damage": 0.0358514724712}, "model": "item/spells_disabled/meteor"},
    {"predicate": {"damaged": 0, "damage": 0.0364916773367}, "model": "item/spells_disabled/arrow"},
    {"predicate": {"damaged": 0, "damage": 0.0371318822023}, "model": "item/spells_disabled/flashbang"},
    {"predicate": {"damaged": 0, "damage": 0.0377720870679}, "model": "item/spells_disabled/weather"},
    {"predicate": {"damaged": 0, "damage": 0.0384122919334}, "model": "item/spells_disabled/fling"},
    {"predicate": {"damaged": 0, "damage": 0.039052496799}, "model": "item/spells_disabled/supertorch"},
    {"predicate": {"damaged": 0, "damage": 0.0396927016645}, "model": "item/spells_disabled/torch"},
    {"predicate": {"damaged": 0, "damage": 0.0403329065301}, "model": "item/spells_disabled/familiar"},
    {"predicate": {"damaged": 0, "damage": 0.0409731113956}, "model": "item/spells_disabled/monster"},
    {"predicate": {"damaged": 0, "damage": 0.0416133162612}, "model": "item/spells_disabled/testdummy"},
    {"predicate": {"damaged": 0, "damage": 0.0422535211268}, "model": "item/spells_disabled/ghast"},
    {"predicate": {"damaged": 0, "damage": 0.0428937259923}, "model": "item/spells_disabled/mob"},
    {"predicate": {"damaged": 0, "damage": 0.0435339308579}, "model": "item/spells_disabled/farm"},
    {"predicate": {"damaged": 0, "damage": 0.0441741357234}, "model": "item/spells_disabled/wolf"},
    {"predicate": {"damaged": 0, "damage": 0.044814340589}, "model": "item/spells_disabled/cat"},
    {"predicate": {"damaged": 0, "damage": 0.0454545454545}, "model": "item/spells_disabled/portal"},
    {"predicate": {"damaged": 0, "damage": 0.0460947503201}, "model": "item/spells_disabled/phase"},
    {"predicate": {"damaged": 0, "damage": 0.0467349551857}, "model": "item/spells_disabled/phasebackup"},
    {"predicate": {"damaged": 0, "damage": 0.0473751600512}, "model": "item/spells_disabled/invincible"},
    {"predicate": {"damaged": 0, "damage": 0.0480153649168}, "model": "item/spells_disabled/fire"},
    {"predicate": {"damaged": 0, "damage": 0.0486555697823}, "model": "item/spells_disabled/bubble"},
    {"predicate": {"damaged": 0, "damage": 0.0492957746479}, "model": "item/spells_disabled/regenerate"},
    {"predicate": {"damaged": 0, "damage": 0.0499359795134}, "model": "item/spells_disabled/superregenerate"},
    {"predicate": {"damaged": 0, "damage": 0.050576184379}, "model": "item/spells_disabled/paint"},
    {"predicate": {"damaged": 0, "damage": 0.0512163892446}, "model": "item/spells_disabled/fill"},
    {"predicate": {"damaged": 0, "damage": 0.0518565941101}, "model": "item/spells_disabled/recurse"},
    {"predicate": {"damaged": 0, "damage": 0.0524967989757}, "model": "item/spells_disabled/floodfill"},
    {"predicate": {"damaged": 0, "damage": 0.0531370038412}, "model": "item/spells_disabled/gills"},
    {"predicate": {"damaged": 0, "damage": 0.0537772087068}, "model": "item/spells_disabled/day"},
    {"predicate": {"damaged": 0, "damage": 0.0544174135723}, "model": "item/spells_disabled/night"},
    {"predicate": {"damaged": 0, "damage": 0.0550576184379}, "model": "item/spells_disabled/time"},
    {"predicate": {"damaged": 0, "damage": 0.0556978233035}, "model": "item/spells_disabled/bridge"},
    {"predicate": {"damaged": 0, "damage": 0.056338028169}, "model": "item/spells_disabled/pillar"},
    {"predicate": {"damaged": 0, "damage": 0.0569782330346}, "model": "item/spells_disabled/place"},
    {"predicate": {"damaged": 0, "damage": 0.0576184379001}, "model": "item/spells_disabled/anvil"},
    {"predicate": {"damaged": 0, "damage": 0.0582586427657}, "model": "item/spells_disabled/grenade"},
    {"predicate": {"damaged": 0, "damage": 0.0588988476312}, "model": "item/spells_disabled/cluster"},
    {"predicate": {"damaged": 0, "damage": 0.0595390524968}, "model": "item/spells_disabled/bomb"},
    {"predicate": {"damaged": 0, "damage": 0.0601792573624}, "model": "item/spells_disabled/superblob"},
    {"predicate": {"damaged": 0, "damage": 0.0608194622279}, "model": "item/spells_disabled/superhemisphere"},
    {"predicate": {"damaged": 0, "damage": 0.0614596670935}, "model": "item/spells_disabled/superpyramid"},
    {"predicate": {"damaged": 0, "damage": 0.062099871959}, "model": "item/spells_disabled/supercylinder"},
    {"predicate": {"damaged": 0, "damage": 0.0627400768246}, "model": "item/spells_disabled/box"},
    {"predicate": {"damaged": 0, "damage": 0.0633802816901}, "model": "item/spells_disabled/superbox"},
    {"predicate": {"damaged": 0, "damage": 0.0640204865557}, "model": "item/spells_disabled/supercube"},
    {"predicate": {"damaged": 0, "damage": 0.0646606914213}, "model": "item/spells_disabled/backup"},
    {"predicate": {"damaged": 0, "damage": 0.0653008962868}, "model": "item/spells_disabled/superbackup"},
    {"predicate": {"damaged": 0, "damage": 0.0659411011524}, "model": "item/spells_disabled/repair"},
    {"predicate": {"damaged": 0, "damage": 0.0665813060179}, "model": "item/spells_disabled/superrepair"},
    {"predicate": {"damaged": 0, "damage": 0.0672215108835}, "model": "item/spells_disabled/workbench"},
    {"predicate": {"damaged": 0, "damage": 0.067861715749}, "model": "item/spells_disabled/stash"},
    {"predicate": {"damaged": 0, "damage": 0.0685019206146}, "model": "item/spells_disabled/pickpocket"},
    {"predicate": {"damaged": 0, "damage": 0.0691421254802}, "model": "item/spells_disabled/blast"},
    {"predicate": {"damaged": 0, "damage": 0.0697823303457}, "model": "item/spells_disabled/earthquake"},
    {"predicate": {"damaged": 0, "damage": 0.0704225352113}, "model": "item/spells_disabled/tunnel"},
    {"predicate": {"damaged": 0, "damage": 0.0710627400768}, "model": "item/spells_disabled/superblast"},
    {"predicate": {"damaged": 0, "damage": 0.0717029449424}, "model": "item/spells_disabled/convert"},
    {"predicate": {"damaged": 0, "damage": 0.0723431498079}, "model": "item/spells_disabled/superconvert"},
    {"predicate": {"damaged": 0, "damage": 0.0729833546735}, "model": "item/spells_disabled/collapse"},
    {"predicate": {"damaged": 0, "damage": 0.0736235595391}, "model": "item/spells_disabled/supercollapse"},
    {"predicate": {"damaged": 0, "damage": 0.0742637644046}, "model": "item/spells_disabled/cloak"},
    {"predicate": {"damaged": 0, "damage": 0.0749039692702}, "model": "item/spells_disabled/rollback"},
    {"predicate": {"damaged": 0, "damage": 0.0755441741357}, "model": "item/spells_disabled/commit"},
    {"predicate": {"damaged": 0, "damage": 0.0761843790013}, "model": "item/spells_disabled/counterspell"},
    {"predicate": {"damaged": 0, "damage": 0.0768245838668}, "model": "item/spells_disabled/breach"},
    {"predicate": {"damaged": 0, "damage": 0.0774647887324}, "model": "item/spells_disabled/peek"},
    {"predicate": {"damaged": 0, "damage": 0.078104993598}, "model": "item/spells_disabled/sandblast"},
    {"predicate": {"damaged": 0, "damage": 0.0787451984635}, "model": "item/spells_disabled/mine"},
    {"predicate": {"damaged": 0, "damage": 0.0793854033291}, "model": "item/spells_disabled/chop"},
    {"predicate": {"damaged": 0, "damage": 0.0800256081946}, "model": "item/spells_disabled/alter"},
    {"predicate": {"damaged": 0, "damage": 0.0806658130602}, "model": "item/spells_disabled/superalter"},
    {"predicate": {"damaged": 0, "damage": 0.0813060179257}, "model": "item/spells_disabled/sphere"},
    {"predicate": {"damaged": 0, "damage": 0.0819462227913}, "model": "item/spells_disabled/blob"},
    {"predicate": {"damaged": 0, "damage": 0.0825864276569}, "model": "item/spells_disabled/tendril"},
    {"predicate": {"damaged": 0, "damage": 0.0832266325224}, "model": "item/spells_disabled/walls"},
    {"predicate": {"damaged": 0, "damage": 0.083866837388}, "model": "item/spells_disabled/emp"},
    {"predicate": {"damaged": 0, "damage": 0.0845070422535}, "model": "item/spells_disabled/superemp"},
    {"predicate": {"damaged": 0, "damage": 0.0851472471191}, "model": "item/spells_disabled/disintegrate"},
    {"predicate": {"damaged": 0, "damage": 0.0857874519846}, "model": "item/spells_disabled/blink"},
    {"predicate": {"damaged": 0, "damage": 0.0864276568502}, "model": "item/spells_disabled/absorb"},
    {"predicate": {"damaged": 0, "damage": 0.0870678617157}, "model": "item/spells_disabled/hat"},
    {"predicate": {"damaged": 0, "damage": 0.0877080665813}, "model": "item/spells_disabled/wear"},
    {"predicate": {"damaged": 0, "damage": 0.0883482714469}, "model": "item/spells_disabled/magichat"},
    {"predicate": {"damaged": 0, "damage": 0.0889884763124}, "model": "item/spells_disabled/lava"},
    {"predicate": {"damaged": 0, "damage": 0.089628681178}, "model": "item/spells_disabled/stream"},
    {"predicate": {"damaged": 0, "damage": 0.0902688860435}, "model": "item/spells_disabled/earth"},
    {"predicate": {"damaged": 0, "damage": 0.0909090909091}, "model": "item/spells_disabled/iterate"},
    {"predicate": {"damaged": 0, "damage": 0.0915492957746}, "model": "item/spells_disabled/column"},
    {"predicate": {"damaged": 0, "damage": 0.0921895006402}, "model": "item/spells_disabled/flamethrower"},
    {"predicate": {"damaged": 0, "damage": 0.0928297055058}, "model": "item/spells_disabled/laser"},
    {"predicate": {"damaged": 0, "damage": 0.0934699103713}, "model": "item/spells_disabled/shrink"},
    {"predicate": {"damaged": 0, "damage": 0.0941101152369}, "model": "item/spells_disabled/grow"},
    {"predicate": {"damaged": 0, "damage": 0.0947503201024}, "model": "item/spells_disabled/flare"},
    {"predicate": {"damaged": 0, "damage": 0.095390524968}, "model": "item/spells_disabled/recall"},
    {"predicate": {"damaged": 0, "damage": 0.0960307298335}, "model": "item/spells_disabled/levitate"},
    {"predicate": {"damaged": 0, "damage": 0.0966709346991}, "model": "item/spells_disabled/force"},
    {"predicate": {"damaged": 0, "damage": 0.0973111395647}, "model": "item/spells_disabled/dragonball"},
    {"predicate": {"damaged": 0, "damage": 0.0979513444302}, "model": "item/spells_disabled/fireball"},
    {"predicate": {"damaged": 0, "damage": 0.0985915492958}, "model": "item/spells_disabled/map"},
    {"predicate": {"damaged": 0, "damage": 0.0992317541613}, "model": "item/spells_disabled/camera"},
    {"predicate": {"damaged": 0, "damage": 0.0998719590269}, "model": "item/spells_disabled/tent"},
    {"predicate": {"damaged": 0, "damage": 0.100512163892}, "model": "item/spells_disabled/cage"},
    {"predicate": {"damaged": 0, "damage": 0.101152368758}, "model": "item/spells_disabled/wolfhouse"},
    {"predicate": {"damaged": 0, "damage": 0.101792573624}, "model": "item/spells_disabled/blaster"},
    {"predicate": {"damaged": 0, "damage": 0.102432778489}, "model": "item/spells_disabled/missile"},
    {"predicate": {"damaged": 0, "damage": 0.103072983355}, "model": "item/spells_disabled/railgun"},
    {"predicate": {"damaged": 0, "damage": 0.10371318822}, "model": "item/spells_disabled/fury"},
    {"predicate": {"damaged": 0, "damage": 0.104353393086}, "model": "item/spells_disabled/homing"},
    {"predicate": {"damaged": 0, "damage": 0.104993597951}, "model": "item/spells_disabled/chainlightning"},
    {"predicate": {"damaged": 0, "damage": 0.105633802817}, "model": "item/spells_disabled/sticky"},
    {"predicate": {"damaged": 0, "damage": 0.106274007682}, "model": "item/spells_disabled/blind"},
    {"predicate": {"damaged": 0, "damage": 0.106914212548}, "model": "item/spells_disabled/pollinate"},
    {"predicate": {"damaged": 0, "damage": 0.107554417414}, "model": "item/spells_disabled/broom"},
    {"predicate": {"damaged": 0, "damage": 0.108194622279}, "model": "item/spells_disabled/paste"},
    {"predicate": {"damaged": 0, "damage": 0.108834827145}, "model": "item/spells_disabled/kill"},
    {"predicate": {"damaged": 0, "damage": 0.10947503201}, "model": "item/spells_disabled/superkill"},
    {"predicate": {"damaged": 0, "damage": 0.110115236876}, "model": "item/spells_disabled/torture"},
    {"predicate": {"damaged": 0, "damage": 0.110755441741}, "model": "item/spells_disabled/rubberize"},
    {"predicate": {"damaged": 0, "damage": 0.111395646607}, "model": "item/spells_disabled/superfly"},
    {"predicate": {"damaged": 0, "damage": 0.112035851472}, "model": "item/spells_disabled/petrify"},
    {"predicate": {"damaged": 0, "damage": 0.112676056338}, "model": "item/spells_disabled/polymorph"},
    {"predicate": {"damaged": 0, "damage": 0.113316261204}, "model": "item/spells_disabled/entangle"},
    {"predicate": {"damaged": 0, "damage": 0.113956466069}, "model": "item/spells_disabled/wound"},
    {"predicate": {"damaged": 0, "damage": 0.114596670935}, "model": "item/spells_disabled/stun"},
    {"predicate": {"damaged": 0, "damage": 0.1152368758}, "model": "item/spells_disabled/poison"},
    {"predicate": {"damaged": 0, "damage": 0.115877080666}, "model": "item/spells_disabled/lift"},
    {"predicate": {"damaged": 0, "damage": 0.116517285531}, "model": "item/spells_disabled/admission"},
    {"predicate": {"damaged": 0, "damage": 0.117157490397}, "model": "item/spells_disabled/secure"},
    {"predicate": {"damaged": 0, "damage": 0.117797695262}, "model": "item/spells_disabled/lockpick"},
    {"predicate": {"damaged": 0, "damage": 0.118437900128}, "model": "item/spells_disabled/harden"},
    {"predicate": {"damaged": 0, "damage": 0.119078104994}, "model": "item/spells_disabled/sponge"},
    {"predicate": {"damaged": 0, "damage": 0.119718309859}, "model": "item/spells_disabled/upgrades"},
    {"predicate": {"damaged": 0, "damage": 0.120358514725}, "model": "item/spells_disabled/brushselect"},
    {"predicate": {"damaged": 0, "damage": 0.12099871959}, "model": "item/spells_disabled/tracking"},
    {"predicate": {"damaged": 0, "damage": 0.121638924456}, "model": "item/spells_disabled/singularity"},
    {"predicate": {"damaged": 0, "damage": 0.122279129321}, "model": "item/spells_disabled/rocket"},
    {"predicate": {"damaged": 0, "damage": 0.122919334187}, "model": "item/spells_disabled/tornado"},
    {"predicate": {"damaged": 0, "damage": 0.123559539052}, "model": "item/spells_disabled/rainbow"},
    {"predicate": {"damaged": 0, "damage": 0.124199743918}, "model": "item/spells_disabled/shuriken"},
    {"predicate": {"damaged": 0, "damage": 0.124839948784}, "model": "item/spells_disabled/wave"},
    {"predicate": {"damaged": 0, "damage": 0.125480153649}, "model": "item/spells_disabled/boomstown"},
    {"predicate": {"damaged": 0, "damage": 0.126120358515}, "model": "item/spells_disabled/projectile"},
    {"predicate": {"damaged": 0, "damage": 0.12676056338}, "model": "item/spells_disabled/whip"},
    {"predicate": {"damaged": 0, "damage": 0.127400768246}, "model": "item/spells_disabled/fxdemo"},
    {"predicate": {"damaged": 0, "damage": 0.128040973111}, "model": "item/spells_disabled/supergather"},
    {"predicate": {"damaged": 0, "damage": 0.128681177977}, "model": "item/spells_disabled/randomtp"},
    {"predicate": {"damaged": 0, "damage": 0.129321382843}, "model": "item/spells_disabled/glide"},
    {"predicate": {"damaged": 0, "damage": 0.129961587708}, "model": "item/spells_disabled/webbing"},
    {"predicate": {"damaged": 0, "damage": 0.13060179257362}, "model": "item/upgrades/chestmode"},
    {"predicate": {"damaged": 0, "damage": 0.131241997439}, "model": "item/upgrades/chestmode"},
    {"predicate": {"damaged": 0, "damage": 0.131882202305}, "model": "item/upgrades/quickcast_enable"},
    {"predicate": {"damaged": 0, "damage": 0.13252240717}, "model": "item/upgrades/quickcast_disable"},
    {"predicate": {"damaged": 0, "damage": 0.133162612036}, "model": "item/upgrades/quickcast_manual"},
    {"predicate": {"damaged": 0, "damage": 0.133802816901}, "model": "item/upgrades/quickcast_normal"},
    {"predicate": {"damaged": 0, "damage": 0.134443021767}, "model": "item/upgrades/mode_drop"},
    {"predicate": {"damaged": 0, "damage": 0.135083226633}, "model": "item/upgrades/mode_rightclick"},
    {"predicate": {"damaged": 0, "damage": 0.135723431498}, "model": "item/upgrades/mode_sword"},
    {"predicate": {"damaged": 0, "damage": 0.136363636364}, "model": "item/upgrades/mode_swap"},
    {"predicate": {"damaged": 0, "damage": 0.137003841229}, "model": "item/upgrades/inventorymode"},
    {"predicate": {"damaged": 0, "damage": 0.137644046095}, "model": "item/upgrades/cyclemode"},
    {"predicate": {"damaged": 0, "damage": 0.13828425096}, "model": "item/upgrades/organizer"},
    {"predicate": {"damaged": 0, "damage": 0.138924455826}, "model": "item/upgrades/alphabetizer"},
    {"predicate": {"damaged": 0, "damage": 0.139564660691}, "model": "item/upgrades/loud"},
    {"predicate": {"damaged": 0, "damage": 0.140204865557}, "model": "item/upgrades/quiet"},
    {"predicate": {"damaged": 0, "damage": 0.140845070423}, "model": "item/upgrades/silent"},
    {"predicate": {"damaged": 0, "damage": 0.141485275288}, "model": "item/upgrades/hotbar1"},
    {"predicate": {"damaged": 0, "damage": 0.142125480154}, "model": "item/upgrades/hotbar2"},
    {"predicate": {"damaged": 0, "damage": 0.142765685019}, "model": "item/upgrades/hotbar3"},
    {"predicate": {"damaged": 0, "damage": 0.143405889885}, "model": "item/upgrades/undroppable"},
    {"predicate": {"damaged": 0, "damage": 0.14404609475}, "model": "item/upgrades/antihunger"},
    {"predicate": {"damaged": 0, "damage": 0.144686299615877}, "model": "item/spells_disabled/feather"},
    {"predicate": {"damaged": 0, "damage": 0.145326504481434}, "model": "item/spells_disabled/purpleblast"},
    {"predicate": {"damaged": 0, "damage": 0.145966709346991}, "model": "item/spells_disabled/light"},
    {"predicate": {"damaged": 0, "damage": 0.146606914212548}, "model": "item/spells_disabled/spider"},
    {"predicate": {"damaged": 0, "damage": 0.147247119078105}, "model": "item/spells_disabled/vanish"},
    {"predicate": {"damaged": 0, "damage": 0.147887323943662}, "model": "item/spells_disabled/trash"},
    {"predicate": {"damaged": 0, "damage": 0.148527528809219}, "model": "item/spells_disabled/extinguish"},
    {"predicate": {"damaged": 0, "damage": 0.149167733674776}, "model": "item/spells_disabled/wand"},
    {"predicate": {"damaged": 0, "damage": 0.149807938540333}, "model": "item/spells_disabled/protection_all"},
    {"predicate": {"damaged": 0, "damage": 0.15044814340589}, "model": "item/spells_disabled/protection_explosions"},
    {"predicate": {"damaged": 0, "damage": 0.151088348271447}, "model": "item/spells_disabled/protection_falling"},
    {"predicate": {"damaged": 0, "damage": 0.151728553137004}, "model": "item/spells_disabled/protection_fire"},
    {"predicate": {"damaged": 0, "damage": 0.152368758002561}, "model": "item/spells_disabled/protection_physical"},
    {"predicate": {"damaged": 0, "damage": 0.153008962868118}, "model": "item/spells_disabled/protection_projectiles"},
    {"predicate": {"damaged": 0, "damage": 0.153649167733675}, "model": "item/spells_disabled/sharpen_sword"},
    {"predicate": {"damaged": 0, "damage": 0.154289372599232}, "model": "item/spells_disabled/airscooter"},
    { "predicate": {"damaged": 0, "damage": 0.15492957746478872}, "model": "item/spells_disabled/arrow2"},
    { "predicate": {"damaged": 0, "damage": 0.1555697823303457}, "model": "item/spells_disabled/arrow3"},
    { "predicate": {"damaged": 0, "damage": 0.15620998719590268}, "model": "item/spells_disabled/arrow4"},
    { "predicate": {"damaged": 0, "damage": 0.15685019206145967}, "model": "item/spells_disabled/arrow5"},
    { "predicate": {"damaged": 0, "damage": 0.15749039692701663}, "model": "item/spells_disabled/arrow6"},
    { "predicate": {"damaged": 0, "damage": 0.15813060179257363}, "model": "item/spells_disabled/arrow7"},
    { "predicate": {"damaged": 0, "damage": 0.1587708066581306}, "model": "item/spells_disabled/arrow8"},
    { "predicate": {"damaged": 0, "damage": 0.15941101152368758}, "model": "item/spells_disabled/arrow9"},
    { "predicate": {"damaged": 0, "damage": 0.16005121638924455}, "model": "item/spells_disabled/arrow10"},

    {"predicate": {"damaged": 1, "damage": 0}, "model": "item/diamond_hoe"}
  ]
}