{
    "__comment": "Max wood durability is 65",
    "parent": "item/handheld",
    "textures": {
        "layer0": "item/flint_and_steel"
    },
    "overrides": [
        { "predicate": {"damaged": 0, "damage": 0}, "model": "item/flint_and_steel"},
        { "predicate": {"damaged": 0, "damage": 0.015384615384615385}, "model": "item/custom/runes/air_rune" },
        { "predicate": {"damaged": 0, "damage": 0.03076923076923077}, "model": "item/custom/runes/water_rune" },
        { "predicate": {"damaged": 0, "damage": 0.046153846153846156}, "model": "item/custom/runes/earth_rune" },
        { "predicate": {"damaged": 0, "damage": 0.06153846153846154}, "model": "item/custom/runes/fire_rune" },
        { "predicate": {"damaged": 0, "damage": 0.07692307692307693}, "model": "item/custom/runes/lava_rune" },
        { "predicate": {"damaged": 0, "damage": 0.09230769230769231}, "model": "item/custom/runes/mind_rune" },
        { "predicate": {"damaged": 0, "damage": 0.1076923076923077}, "model": "item/custom/runes/body_rune" },
        { "predicate": {"damaged": 0, "damage": 0.12307692307692308}, "model": "item/custom/runes/chaos_rune" },
        { "predicate": {"damaged": 0, "damage": 0.13846153846153847}, "model": "item/custom/runes/cosmic_rune" },
        { "predicate": {"damaged": 0, "damage": 0.15384615384615385}, "model": "item/custom/runes/blood_rune" },
        { "predicate": {"damaged": 0, "damage": 0.16923076923076924}, "model": "item/custom/runes/death_rune" },
        { "predicate": {"damaged": 0, "damage": 0.18461538461538462}, "model": "item/custom/runes/astral_rune" },
        { "predicate": {"damaged": 0, "damage": 0.2}, "model": "item/custom/runes/law_rune" },
        { "predicate": {"damaged": 0, "damage": 0.2153846153846154}, "model": "item/custom/runes/nature_rune" },
        { "predicate": {"damaged": 0, "damage": 0.23076923076923078}, "model": "item/custom/runes/soul_rune" },
        { "predicate": {"damaged": 0, "damage": 0.24615384615384617}, "model": "item/custom/runes/mist_rune" },
        { "predicate": {"damaged": 0, "damage": 0.26153846153846155}, "model": "item/custom/runes/mud_rune" },
        { "predicate": {"damaged": 0, "damage": 0.27692307692307694}, "model": "item/custom/runes/smoke_rune" },
        { "predicate": {"damaged": 0, "damage": 0.2923076923076923}, "model": "item/custom/runes/steam_rune" },
        { "predicate": {"damaged": 0, "damage": 0.3076923076923077}, "model": "item/custom/runes/wrath_rune" },
        { "predicate": {"damaged": 0, "damage": 0.3230769230769231}, "model":  "item/custom/coin/coins1"},
        { "predicate": {"damaged": 0, "damage": 0.3384615384615385}, "model": "item/custom/coin/coins2"},
        { "predicate": {"damaged": 0, "damage": 0.35384615384615386}, "model": "item/custom/coin/coins3"},
        { "predicate": {"damaged": 0, "damage": 0.36923076923076925}, "model": "item/custom/coin/coins4"},
        { "predicate": {"damaged": 0, "damage": 0.38461538461538463}, "model": "item/custom/coin/coins5"},
        { "predicate": {"damaged": 0, "damage": 0.4}, "model": "item/custom/coin/coins25"},
        { "predicate": {"damaged": 0, "damage": 0.4153846153846154}, "model": "item/custom/coin/coins100"},
        { "predicate": {"damaged": 0, "damage": 0.4307692307692308}, "model": "item/custom/coin/coins250"},
        { "predicate": {"damaged": 0, "damage": 0.4461538461538462}, "model": "item/custom/coin/coins1000"},
        { "predicate": {"damaged": 0, "damage": 0.46153846153846156}, "model": "item/custom/coin/coins10000"},
        { "predicate": {"damaged": 0, "damage": 0.47692307692307695}, "model": "item/custom/runes/pure_essence"},
        { "predicate": {"damaged": 0, "damage": 0.49230769230769233}, "model": "item/custom/materials/iron_ore"},
        { "predicate": {"damaged": 0, "damage": 0.5076923076923077}, "model": "item/custom/materials/iron_bar"},
        { "predicate": {"damaged": 0, "damage": 0.5230769230769231}, "model": "item/custom4"},
        { "predicate": {"damaged": 0, "damage": 0.5384615384615385}, "model": "item/custom5"},
        { "predicate": {"damaged": 0, "damage": 0.5538461538461539}, "model": "item/custom6"},
        { "predicate": {"damaged": 0, "damage": 0.5692307692307692}, "model": "item/flint_and_steel36"},
        { "predicate": {"damaged": 0, "damage": 0.5846153846153846}, "model": "item/flint_and_steel37"},
        { "predicate": {"damaged": 0, "damage": 0.6000000000000001}, "model": "item/flint_and_steel38"},
        { "predicate": {"damaged": 0, "damage": 0.6153846153846154}, "model": "item/flint_and_steel39"},
        { "predicate": {"damaged": 0, "damage": 0.6307692307692307}, "model": "item/flint_and_steel40"},
        { "predicate": {"damaged": 0, "damage": 0.6461538461538462}, "model": "item/flint_and_steel41"},
        { "predicate": {"damaged": 0, "damage": 0.6615384615384616}, "model": "item/flint_and_steel42"},
        { "predicate": {"damaged": 0, "damage": 0.676923076923077}, "model": "item/flint_and_steel43"},
        { "predicate": {"damaged": 0, "damage": 0.6923076923076923}, "model": "item/flint_and_steel44"},
        { "predicate": {"damaged": 0, "damage": 0.7076923076923077}, "model": "item/flint_and_steel45"},
        { "predicate": {"damaged": 0, "damage": 0.7230769230769232}, "model": "item/flint_and_steel46"},
        { "predicate": {"damaged": 0, "damage": 0.7384615384615385}, "model": "item/flint_and_steel47"},
        { "predicate": {"damaged": 0, "damage": 0.7538461538461538}, "model": "item/flint_and_steel48"},
        { "predicate": {"damaged": 0, "damage": 0.7692307692307693}, "model": "item/flint_and_steel49"},
        { "predicate": {"damaged": 0, "damage": 0.7846153846153847}, "model": "item/flint_and_steel50"},
        { "predicate": {"damaged": 0, "damage": 0.8}, "model": "item/flint_and_steel51"},
        { "predicate": {"damaged": 0, "damage": 0.8153846153846154}, "model": "item/flint_and_steel52"},
        { "predicate": {"damaged": 0, "damage": 0.8307692307692308}, "model": "item/flint_and_steel53"},
        { "predicate": {"damaged": 0, "damage": 0.8461538461538463}, "model": "item/flint_and_steel54"},
        { "predicate": {"damaged": 0, "damage": 0.8615384615384616}, "model": "item/flint_and_steel55"},
        { "predicate": {"damaged": 0, "damage": 0.8769230769230769}, "model": "item/flint_and_steel56"},
        { "predicate": {"damaged": 0, "damage": 0.8923076923076924}, "model": "item/flint_and_steel57"},
        { "predicate": {"damaged": 0, "damage": 0.9076923076923078}, "model": "item/flint_and_steel58"},
        { "predicate": {"damaged": 0, "damage": 0.9230769230769231}, "model": "item/flint_and_steel59"},
        { "predicate": {"damaged": 0, "damage": 0.9384615384615385}, "model": "item/flint_and_steel60"},
        { "predicate": {"damaged": 0, "damage": 0.9538461538461539}, "model": "item/flint_and_steel61"},
        { "predicate": {"damaged": 0, "damage": 0.9692307692307693}, "model": "item/flint_and_steel62"},
        { "predicate": {"damaged": 0, "damage": 0.9846153846153847}, "model": "item/flint_and_steel63"},
        { "predicate": {"damaged": 1, "damage": 0}, "model": "item/flint_and_steel"}
    ]
}

































